title,description,directions,images,ingredients,meal_type,prep,servings,total
Tres Leches (Milk Cake),This delicious tres leches cake recipe combines 3 types of milk that soak into the cake making it extra moist. It&#39;s topped with sweet whipped cream.,"Step1: Preheat the oven to 350 degrees F (175 degrees C). Grease and flour a 9x13-inch baking pan. Step2: Sift flour and baking powder together; set aside. Step3: Beat sugar and butter together in a large bowl with an electric mixer until light and fluffy. Add eggs and vanilla; beat well. Add flour mixture, about 1/2 cup at a time, mixing until well blended. Pour batter into the prepared pan. Step4: Bake in the preheated oven until a toothpick inserted into the center comes out clean, about 30 minutes. Pierce cake all over with a fork; let cool to room temperature. Step5: Mix whole milk, condensed milk, and evaporated milk together in a bowl; pour over the top of the cooled cake and allow to soak in. Step6: Whip cream, remaining 1 cup of sugar, and 1 teaspoon vanilla in a chilled glass or metal bowl with an electric mixer until thick. Spread over the top of the filling. Keep cake refrigerated until serving.",1.jpg,"1.5 cups all-purpose flour, 1 teaspoon baking powder, 0.5 cup unsalted butter, 1 cup white sugar, 5 eggs, 0.5 teaspoon vanilla extract, 2 cups whole milk, 1 (14 ounce) can sweetened condensed milk, 1 (12 fluid ounce) can evaporated milk, 1.5 cups heavy whipping cream, 1 cup white sugar, 1 teaspoon vanilla extract",dessert,15,24,60
Tamales Rojos de Pollo (Red Chicken Tamales),"Make chicken tamales at home with this authentic recipe that combines shredded chicken with a smoky, spicy Mexican red sauce made with ancho and mulato chiles.","Step1: Place corn husks in a bowl, cover with boiling water, and soak for a few hours. Drain, place on a work surface, and cover with a clean, damp towel. Step2: Place chicken in a pot, season with salt, and cover with water. Bring to a boil over medium-high heat, reduce heat, cover, and simmer until chicken is cooked through, 20 to 25 minutes. Drain chicken and shred with 2 forks. Step3: Heat a griddle over medium heat and toast mulato and ancho chiles until fragrant, 3 to 5 minutes. Place in a bowl and cover with boiling water. Soak until soft, about 25 minutes. Combine ancho and mulato chiles, garlic, cumin seeds, and about 1/2 cup of the soaking water in a blender; blend until a thick, smooth, mole-like sauce forms, adding more water if necessary. Step4: Heat 1 tablespoon lard in a saucepan over medium heat and add the sauce; cook for 3 to 5 minutes. Add shredded chicken and cook until flavors are combined and chicken is heated through, about 5 minutes. Step5: Place remaining lard in a large bowl; beat with an electric mixer until creamy. Add masa harina, chicken broth, baking powder, and 1 1/2 teaspoon salt, and beat until all ingredients are well combined. Test if the masa is ready by dropping a small ball of masa into a glass of cold water; if it floats, it&#39;s ready, if not, keep working the dough a little longer. Step6: Select 1 wide corn husk. Spread about 2 tablespoons masa mixture onto the the corn husk, filling it up to 2 inches from the bottom and 1/4 inch from the top. Add 1 tablespoon of the chicken filling in the center of the masa mixture. Fold sides of husk together, one over the other. Fold the bottom of the husk over the seam of the 2 folded sides. Repeat with remaining husks. Step7: Place a steamer insert into a saucepan and fill with water to just below the bottom of the steamer. Bring water to a boil. Add tamales with the open side up and cook until filling is heated through and separates from the husk, about 1 hour. Let tamales rest for 15 minutes before serving.",2.jpg,"corn husks, 1.25 pounds skinless, boneless chicken breast halves, 1 pinch salt to taste, 1 cup mulato chiles, stemmed and seeded, 0.33333334326744 cup ancho chiles, stemmed and seeded, 1 clove garlic, 8 cumin seeds, boiling water as needed, 0.5 pound lard, 1 pound masa harina, 3 cups chicken broth, 1.5 teaspoons baking powder, 1.5 teaspoons salt",snack,60,35,275
Pico de Gallo,"Pico de gallo is easy to make with fresh tomatoes, red onion, jalapeño, coriander, lime juice, and seasonings for a flavor-packed Mexican salsa.","Step1: Gather all ingredients. Step2: Stir tomatoes, onion, cilantro, jalapeño pepper, lime juice, garlic, garlic powder, cumin, salt, and pepper together in a bowl. Step3: Enjoy!",3.jpg,"6 roma (plum) tomatoes, diced, 0.5 red onion, minced, 3 tablespoons chopped fresh cilantro, 0.5 jalapeño pepper, seeded and minced, 0.5 lime, juiced, 1 clove garlic, minced, 1 pinch garlic powder, 1 pinch ground cumin, or to taste, salt and ground black pepper to taste",snack,20,12,20
The Best Horchata,"Horchata is a creamy Mexican drink made with rice, milk, and cinnamon. Serve over ice for a refreshing treat on a hot summer&#39;s day!","Step1: Pour sugar, cinnamon, and rice into hot water; stir until sugar dissolves. Cover, and let stand at room temperature for at least 3 hours, but preferably overnight. Step2: Stir in milk, then puree with a hand blender, or in batches in a standing blender until the rice resembles fine sand. Strain through several layers of cheesecloth, or through a very fine strainer. Serve over ice.",4.jpg,"2 quarts hot water, 0.5 cup white sugar, 1.5 teaspoons ground cinnamon, 1 cup long grain rice, 1 cup milk, ice cubes, for serving",lunch,15,8,210
Chilaquiles Rojos,"Chilaquiles rojos with chicken makes a super satisfying meal loaded with delicious flavors thanks to chipotle chiles, tomatoes, and cotija cheese.","Step1: Preheat the oven to 350 degrees F (175 degrees C). Grease a 10x15-inch casserole dish. Step2: Combine drained tomatoes and chipotle chiles in adobo in a blender; puree until smooth. Step3: Heat oil in a large skillet over medium heat. Add onion; cook and stir until onion has softened, about 5 to 7 minutes. Stir in garlic until fragrant; add pureed tomato-chile sauce and simmer until mixture starts to thicken. Pour in chicken broth and stir in cumin, oregano, and salt; let simmer until mixture thickens. Remove from heat. Step4: Mix tortilla chips and tomato-chile sauce, folding carefully to cover chips completely. You may have to do this in 2 batches. Step5: Cover the bottom of the casserole dish with half of the tortilla chip mixture. Sprinkle a layer of Mexican cheese and cotija cheese on top. Add shredded chicken to cover all of the cheese. Season chicken with salt and pepper, then sprinkle with 1/2 of the green onions and 1/2 of the cilantro. Spoon 3/4 of the sour cream evenly over top. Spread with the remaining tortilla mixture then top with remaining Mexican and cotija cheeses. Cover with aluminum foil. Step6: Bake in the preheated oven until mixture is bubbly and cheese is melted, 35 to 45 minutes. Remove from the oven and let sit for 5 minutes. Serve with sour cream, green onions, and cilantro.",5.jpg,"1 (28 ounce) can whole peeled tomatoes, drained, 2 chipotle chiles in adobo sauce, or more to taste, 1.5 tablespoons vegetable oil, 1 large white onion, thinly sliced, 3 cloves garlic, minced, 1.5 cups chicken broth, 1 dash roasted ground cumin, 1 dash dried oregano, 1 pinch salt and ground black pepper to taste, 1 (16 ounce) package tortilla chips, 1 (8 ounce) package shredded Mexican cheese blend, 5 ounces crumbled cotija cheese, 1 whole cooked chicken, deboned and shredded, 0.66666668653488 cup chopped green onions, divided, 1 cup chopped cilantro, divided, 1 (8 ounce) carton sour cream, divided",lunch,30,10,80
Mexican Pinwheels,"Mexican pinwheel tortilla wrap appetizers feature a spiced cream cheese, chicken, and Cheddar, are fast to assemble, and pretty on a plate. They won&#39;t last long at your next party.","Step1: Blend cream cheese, sour cream, smoked paprika, onion powder, and Aleppo pepper together in a small bowl.  Step2: Lay tortillas out on a cutting board. Spread cream cheese mixture evenly over tortillas. Divide RO*TEL, Cheddar cheese, chicken strips, and guacamole evenly among tortillas. Step3: Roll up pinwheels tightly. Refrigerate for 4 hours. Cut into 1-inch rounds. Enjoy!",6.jpg,"1/2 cup cream cheese, softened, 1/2 cup sour cream, 1 teaspoon onion powder, 2 teaspoon smoked paprika, 1 teaspoon garlic powder, Pinch crushed Aleppo peppers, 5 sundried tomato tortilla wraps, 1/2 cup canned tomatoes with green chilies (such as RO*TEL® Tomatoes and Green Chilies), drained, 8 ounces Cheddar cheese, shredded, 8 ounces grilled chicken breast strips, 1 cup guacamole, or as needed (optional)",lunch,15,8,249
Chocolate Tres Leches Cake,"This chocolate tres leches cake uses chocolate milk, cake mix, and chocolate whipped cream for a delicious version of the classic Mexican dessert.","Step1: Preheat the oven to 350 degrees F (175 degrees C). Grease and flour a 9x13-inch pan. Step2: Beat cake mix, chocolate milk, canola oil, eggs, and espresso powder together in a large bowl with an electric hand mixer on a low speed until dry ingredients are moistened. Increase speed to medium and continue beating another 2 minutes; pour into prepared pan. Step3: Bake in the preheated oven until a toothpick inserted into the center comes out clean, about 35 minutes. Remove cake from the oven and allow it to cool in the pan until it is no longer hot to the touch. While the cake is still warm, poke lots of holes all over the cake with a small skewer or a fork. Step4: Whisk sweetened condensed milk, half-and-half, evaporated milk, and 3 tablespoons cocoa powder together in a bowl until cocoa is mostly incorporated into the liquid; slowly pour the milk mixture evenly over the cake. Allow the cake to cool completely as the liquid soaks into it. Step5: Sift confectioners&#39; sugar and cocoa powder together in a bowl. Step6: Beat heavy whipping cream in a stand mixer on medium speed for about 1 minute. While continuing to mix, add sugar-and-cocoa mixture to the cream in 2 batches, allowing the first to incorporate before adding the second. Increase mixer speed to medium-high; beat until soft peaks form and the cream is thickened and spreadable. Spread chocolate whipped cream on the cake to serve.",7.jpg,"1 (18.25 ounce) package Swiss chocolate cake mix (such as Duncan Hines®), 1.25 cups chocolate milk, 0.5 cup canola oil, 3 eggs, 1 teaspoon instant espresso powder, 1 (14 ounce) can sweetened condensed milk, 0.75 cup half-and-half, 0.75 cup evaporated milk, 3 tablespoons unsweetened cocoa powder, 1 cup confectioners' sugar, 0.5 cup unsweetened cocoa powder, 3 cups heavy whipping cream",dessert,35,18,93
Mexican Rice,This Mexican rice recipe is simple to make by simmering cumin-seasoned rice in tomato sauce and chicken broth for a restaurant-style side dish.,"Step1: Heat oil in a large saucepan over medium heat. Add rice and season with garlic salt and cumin; cook, stirring constantly, until puffed and golden. Step2: Add onion; cook and stir until onion has softened. Stir in chicken broth and tomato sauce; bring to a boil. Reduce heat to low, cover, and simmer for 20 to 25 minutes. Fluff rice with a fork.",8.jpg,"3 tablespoons vegetable oil, 1 cup uncooked long-grain rice, 1 teaspoon garlic salt, 0.5 teaspoon ground cumin, 0.25 cup chopped onion, 2 cups chicken broth, 0.5 cup tomato sauce",dinner,5,4,30
Sheet Pan Breakfast Bake,"A layered breakfast bake with two ingredient dough, eggs, and bacon.","Step1: Preheat the oven to 350 degrees F (175 degrees C). Spray a sheet pan with nonstick cooking spray. Step2: Mix Greek yogurt, flour, and carne asada seasoning together in a medium bowl until a shaggy dough forms. Transfer to a surface dusted with self-rising flour, and knead for about 5 minutes until smooth. Continue adding flour as needed if the dough is too sticky. Step3: Knead dough for about 5 minutes until smooth. Step4: Shape dough to fit into sheet pan. Step5: Bake dough in the preheated oven for 12 minutes. Step6: Meanwhile, stir together eggs, cheese, hash browns, and salsa in a bowl. Step7: Place bacon in a large skillet and cook over medium-high heat, turning occasionally, until evenly browned, about 7 minutes. Remove bacon to a drip line tray. Let cool before roughly chopped bacon. Step8: Pour egg mixture over dough. Sprinkle bacon over the top. Step9: Cook until eggs are set, about 25 minutes. Step10: Remove from oven and top with chopped green onions. Allow to cool slightly before serving.",9.jpg,"1 cup Greek yogurt, 1.25 cups self-rising flour, plus more for kneading, 1 teaspoon carne asada seasoning (such as Lawry's®), cooking spray, 5 large eggs, 1 cup shredded Colby cheese, 1 cup frozen shredded hash brown potatoes, thawed, 2 tablespoons salsa, 4 slices bacon, green onions for garnish (optional)",dessert,10,8,47
Sweet Potato Breakfast Hash,Sweet potato breakfast hash served on a bed of spinach and topped with an egg will get your day off to a great start.,"Step1: Preheat the oven to 400 degrees F (200 degrees C); line a sheet pan with parchment paper. Step2: Toss sweet potatoes with olive oil and salt in a bowl; spread in a single layer in the prepared pan. Step3: Roast, uncovered, in the preheated oven until barely fork tender, about 10 minutes; set aside. Step4: Meanwhile, fry bacon in a large skillet over medium heat until browned, turning occasionally, about 10 minutes. Remove cooked bacon; set aside. Step5: To the same skillet, add onions and cook, stirring, until onions are soft, 4 to 5 minutes. Add apples; cook 3 to 4 minutes. Stir sweet potatoes and walnuts into the skillet; cook and stir until sweet potatoes are tender and walnuts are lightly toasted, 6 to 8 minutes. Crumble bacon back into the skillet for the last minute of cooking time. Set aside and keep warm. Step6: Crack eggs into a skillet over medium heat. Cook until outer edges become opaque, about 1 minute. Cover, reduce heat to low, and cook until whites are completely set, about 4 minutes. Step7: Spread about 1/2 cup fresh spinach on each serving plate; evenly divide hash on top of spinach. Place a lightly fried or poached egg on top of each plate; sprinkle with chives.",10.jpg,"1 1/2 pounds sweet potatoes, peeled and diced, 2 tablespoons olive oil, 1/2 teaspoon salt, or to taste, 5 slices low-sodium bacon, 2 cups diced onions, 2 large, firm apples, cored and diced, see note, 1/2 cup chopped walnuts, 4 over easy fried, or soft poached eggs, 2 cups fresh spinach, or as needed, 2 tablespoons fresh minced chives, optional",lunch,15,4,40
Banana Zucchini Bread,"This banana zucchini bread with cinnamon, walnuts, and cranberries combines everyone&#39;s favorite flavors in a moist and delicious breakfast treat.","Step1: Preheat the oven to 325 degrees F (165 degrees C). Grease and flour two 8x4-inch bread loaf pans. Step2: Beat eggs in a large bowl with an electric mixer until light yellow and frothy. Add white sugar, zucchini, oil, bananas, brown sugar, and vanilla; beat until well combined. Stir in flour, cinnamon, baking powder, baking soda, and salt. Fold in cranberries and nuts. Divide batter evenly between the prepared loaf pans. Step3: Bake in the preheated oven until a toothpick inserted into the center comes out clean, 45 to 50 minutes. Allow to cool in the loaf pans on a wire rack before removing and serving.",11.jpg,"3 large eggs, 1 cup white sugar, 1 cup grated zucchini, 0.75 cup vegetable oil, 2 bananas, mashed, 0.66666668653488 cup packed brown sugar, 2 teaspoons vanilla extract, 3.5 cups all-purpose flour, 1 tablespoon ground cinnamon, 1.5 teaspoons baking powder, 1 teaspoon baking soda, 1 teaspoon salt, 0.5 cup dried cranberries, 0.5 cup chopped walnuts",dessert,15,20,60
Chocolate Cereal Breakfast Bars,Make your own chewy energy/granola bars with a not-too-sweet chocolate flavor with hints of coconut and almond.,"Step1: Preheat the oven to 350 degrees F (175 degrees C). Grease an 8x8 pan with butter and line with parchment paper. Step2: Combine rolled oats, puffed brown rice cereal, almonds, coconut, cocoa powder, salt, and cayenne in a bowl. Step3: Combine brown sugar, maple syrup, vegetable oil, and water in a small saucepan and bring to a simmer over medium-high heat. Stir, and let the mixture boil for 1 minute. Step4: Pour sugar mixture over the dry ingredients in the bowl and mix thoroughly. Transfer to the prepared pan, and smooth out the top, pressing lightly with a spatula. Step5: Bake in the preheated oven for 25 minutes. While still hot, use a spatula to score the pan into 8 portions. Let cool to room temperature before breaking into bars. You can also not score, and simply let cool, then cut with a knife.",12.jpg,"1.5 cups rolled oats, 1 cup puffed brown rice cereal, 0.5 cup chopped raw almonds, 0.33 cup shredded coconut, 3 tablespoons unsweetened cocoa powder, 1 teaspoon kosher salt, tiny pinch cayenne pepper, 0.33 cup packed brown sugar, 0.5 cup maple syrup, 2 tablespoons vegetable oil, 1 tablespoon water",breakfast,10,8,25
Homemade Crispy Hash Browns,"These crispy, homemade hash browns are quick, easy, and family-friendly, making them perfect as a side dish for any breakfast or brunch on weekdays or weekends.","Step1: Gather all ingredients. Step2: Rinse shredded potatoes until water is clear, then drain and squeeze dry. Step3: Place shreds in a bowl and mix in the onion, flour, and egg until evenly distributed. Step4: Heat about 1/4 inch of oil in a large heavy skillet over medium-high heat. When oil is sizzling hot, place potatoes into the pan in a 1/2 inch thick layer. Cover the whole bottom of the pan, or make separate piles like pancakes. Step5: Cook until nicely browned on the bottom, then flip over and brown on the other side. It should take at least 5 minutes per side. If you are cooking them in one big piece, it can be cut into quarters for easier flipping. Step6: Remove from pan, and drain on paper towels. Season with salt and pepper and serve immediately. Step7: Serve hot and enjoy!",13.jpg,"2 medium russet potatoes, shredded, 0.5 medium onion, finely chopped, 0.25 cup all-purpose flour, 1 egg, 1 cup oil for frying, or as needed, salt and pepper to taste",breakfast,20,4,35
"Sausage, Egg, and Cheese Breakfast Cookies","Try these savory breakfast cookies with sausage, egg, and cheese that you can easily customize to your liking.","Step1: Preheat the oven to 375 degrees F (190 degrees C). Line a large baking sheet with parchment paper Step2: Heat a non stick skillet over medium heat and cook sausage until crumbly, 3 to 5 minutes. Add in the onion and cook, stirring and breaking up the sausage until it is no longer pink. Transfer mixture to a paper towel-lined plate and drain for 3 to 5 minutes. Step3: Meanwhile, combine flour, baking powder, salt, pepper, Parmesan cheese, and parsley in a large bowl; whisking until well combined. Whisk in eggs until well combined. Add 3/4 cup Cheddar cheese and stir until mixed in. Spoon in sausage mixture and mix to form a thick batter. Step4: Scoop out about a 1/4 cup of the mixture and drop onto the prepared baking sheet. Sprinkle each &#39;cookie&#39; with Cheddar cheese and slightly flatten with your fingers. Step5: Bake in the preheated oven until firm, about 10 minutes. If cookie is still a little soft, cook for 2 minutes longer. Remove from the oven and allow to cool slightly before serving.",14.jpg,"4 ounces breakfast sausage, 0.5 finely minced white onion, 0.75 cup all-purpose flour, 1 teaspoon baking powder, 0.5 teaspoon salt, 0.5 teaspoon freshly ground black pepper, 3 medium eggs, lightly beaten, 1 cup shredded Cheddar cheese, divided, 1 pinch freshly grated Parmesan cheese, 0.13 teaspoon dried parsley",breakfast,15,11,35
Air Fryer Cherry Cream Cheese Croissants,A quick and easy recipe for croissants filled with cream cheese and cherries and cooked in the air fryer.,"Step1: Lightly dust a work surface with flour. Unroll crescent dough and divide into triangles along the perforated lines. Step2: Spread each triangle with cream cheese. Step3: Drop 3 or 4 cherries on the wider portion of each crescent dough triangle. Carefully roll up each crescent, making sure the cherries stay tucked in. Fold down the ends of each roll slightly so it forms a crescent shape. Step4: Spray the basket of the air fryer with non stick cooking spray spray. Carefully set the croissants into the basket. Step5: Set air fryer to 400 degrees F (200 degrees C). Step6: Air fry croissants until puffed up and lightly browned, about 5 minutes. Check to make sure croissants are not sticking to each other and that they are not overly browned. Continue cooking for 2 to 3 minutes longer, making sure they do not get too done. Step7: Transfer croissants to a plate and sprinkle with cinnamon.",15.jpg,"flour for dusting, 1 (8 ounce) package refrigerated crescent roll dough (such as Pillsbury®, 1 (8 ounce) tub cream cheese, 1 (15 ounce) can pitted sour cherries, drained, cooking spray, ground cinnamon to taste",breakfast,10,8,15
Pumpkin Waffles with Apple Cider Syrup,These waffles contain two of our favorite seasonal flavors: pumpkin and apple cider.,"Step1: Preheat a waffle iron according to manufacturer&#39;s instructions. Step2: Combine the flour, baking powder, cinnamon, allspice, ginger, salt, and brown sugar in a mixing bowl. In a separate bowl, stir together the pumpkin, milk, and egg yolks. Whip the egg whites in a clean dry bowl until soft peaks form. Step3: Stir the flour mixture and 1/4 cup melted butter to the pumpkin mixture, stirring just to combine. Use a whisk or rubber spatula to fold 1/3 of the egg whites into the batter, stirring gently until incorporated. Fold in the remaining egg whites. Cook waffles according to manufacturer&#39;s instructions. Step4: To make the syrup, stir together the sugar, cornstarch, and cinnamon in a saucepan. Stir in the apple cider and lemon juice. Cook over medium heat until mixture begins to boil; boil until the syrup thickens. Remove from heat and stir in the 2 tablespoons of butter until melted. Serve warm.",16.jpg,"2.5 cups all-purpose flour, 4 teaspoons baking powder, 2 teaspoons ground cinnamon, 1 teaspoon ground allspice, 1 teaspoon ground ginger, 0.5 teaspoon salt, 0.25 cup packed brown sugar, 1 cup canned pumpkin, 2 cups milk, 4 eggs, separated, 0.25 cup butter, melted, 0.5 cup white sugar, 1 tablespoon cornstarch, 1 teaspoon ground cinnamon, 1 cup apple cider, 1 tablespoon lemon juice, 2 tablespoons butter",breakfast,30,6,45
The Best Vegetable Salad,This vegetable salad uses a variety of fresh and colorful vegetables tossed in a pomegranate and herb dressing for a refreshingly tasty side dish.,"Step1: Place lettuce, radishes, tomatoes, green onion, jicama, cucumber, and bell pepper in a large salad bowl. Step2: Whisk olive oil, lemon juice, pomegranate juice, water, garlic, dill, basil, salt, and black pepper in a small bowl. Drizzle dressing over the salad just before serving.",17.jpg,"5 romaine lettuce leaves, torn into bite size pieces, 5 radishes, chopped, 2 fresh tomatoes, chopped, 2 green onion, minced, 1 small jicama, peeled and julienned, 1 cucumber, peeled and chopped, 1 red bell pepper, chopped, 2 tablespoons olive oil, 1.5 tablespoons lemon juice, 1 tablespoon pomegranate juice, 1.5 teaspoons water, 1 clove garlic, minced, 1 teaspoon chopped fresh dill, 1 teaspoon chopped fresh basil, 1 teaspoon salt, 1 teaspoon ground black pepper",breakfast,30,6,30
Old-Fashioned Potato Salad,"This classic potato salad recipe makes a creamy potato salad with hard-boiled eggs, celery, and relish. Perfect for summer BBQs, picnics, or potlucks.","Step1: Gather all ingredients. Step2: Bring a large pot of salted water to a boil. Add potatoes and cook until tender but still firm, about 15 minutes. Step3: Drain, cool, peel, and chop potatoes. Step4: While potatoes cook, place eggs in a saucepan and cover with cold water. Bring water to a boil; cover, remove from heat, and let eggs stand in hot water for 10 to 12 minutes. Step5: Remove from hot water, cool, peel, and chop eggs. Step6: Combine the potatoes, eggs, celery, onion, relish, mayonnaise, mustard, garlic salt, celery salt, and pepper in a large bowl. Mix together well and refrigerate until chilled. Step7: Enjoy!",18.jpg,"5 potatoes, 3 eggs, 1 cup chopped celery, 0.5 cup chopped onion, 0.5 cup sweet pickle relish, 0.25 cup mayonnaise, 1 tablespoon prepared mustard, 0.25 teaspoon garlic salt, 0.25 teaspoon celery salt, ground black pepper to taste",breakfast,15,8,60
Simple Pasta Salad,"An easy pasta salad with Italian dressing, fresh veggies, and a sprinkle of cheese. The perfect simple yet yummy dish to bring to a picnic or potluck.","Step1: Gather all ingredients. Step2: Bring a large pot of lightly salted water to a boil. Place pasta in the pot, cook for 8 to 12 minutes, until al dente, and drain. Step3: Toss cooked pasta with Italian dressing, cucumbers, tomatoes, and green onions in a large bowl. Mix Parmesan cheese and Italian seasoning in a small bowl, and gently mix into the salad. Step4: Mix Parmesan cheese and Italian seasoning in a small bowl, and gently mix into the salad. Cover, and refrigerate for at least 30 minutes before serving. Step5: Enjoy!",19.jpg,"1 (16 ounce) package uncooked rotini pasta, 1 (16 ounce) bottle Italian salad dressing, 2 cucumbers, chopped, 6 tomatoes, chopped, 1 bunch green onions, chopped, 4 ounces grated Parmesan cheese, 1 tablespoon Italian seasoning",lunch,15,12,60
Caldo de Pollo,Caldo de pollo is a simple but richly-flavored chicken soup that&#39;s packed with vegetables and seasoned with garlic and lots of fresh cilantro.,"Step1: Place chicken legs into a large stockpot; pour water over chicken. Add minced garlic, salt, and garlic powder. Step2: Cover and bring to a boil over high heat. Reduce to a simmer and cook until chicken meat falls off the bones, 1 to 2 hours. Step3: Stir in chicken bouillon cube until dissolved; add carrots, potatoes, zucchini, chayote, and white onion. Reduce heat to medium-low and simmer until carrots and potatoes are tender, 45 minutes to 1 hour. Step4: Stir chopped cilantro into soup. Simmer for 5 minutes and serve.",20.jpg,"5 pounds chicken leg quarters, 2 gallons water, 2 tablespoons minced garlic, 2 tablespoons salt, 1 tablespoon garlic powder, 1 cube chicken bouillon, 4 large carrots, peeled and cut into large chunks, 4 large potatoes, peeled and cut into large chunks, 4 zucchini, cut into large chunks, 1 chayote, cut into large chunks, 1 large white onion, cut into large chunks, 0.5 bunch fresh cilantro, chopped",lunch,20,8,130
Fresh Tomato Soup,This tomato soup recipe is quick and easy to make for homemade fresh tomato soup; perfect when summer tomatoes are ripe in gardens and farmers&#39; markets.,"Step1: Gather all ingredients. Step2: Combine tomatoes, chicken broth, garlic cloves, and a large slice of onion in a stockpot over medium heat. Bring to a boil, and gently simmer for about 20 minutes to blend flavors. Step3: Remove from heat and run the mixture through a food mill into a large bowl, or pan. Discard any stuff left over in the food mill. Step4: Melt butter over medium heat in the now empty stockpot. Stir in flour to make a roux by cooking, whisking constantly, until mixture turns medium brown. Step5: Gradually whisk in a bit of the tomato mixture to prevent lumps from forming, then stir in the rest. Step6: Season with sugar and salt to taste. Step7: Serve hot and enjoy!",21.jpg,"4 cups chopped fresh tomatoes, 2 cups chicken broth, 4 cloves garlic, 1 slice onion, 2 tablespoons butter, 2 tablespoons all-purpose flour, 2 teaspoons white sugar, or to taste, 1 teaspoon salt",lunch,5,6,35
Hawaiian Ham and Cheese Sliders,"The best Hawaiian sliders with ham, cheese, sweet rolls, and a buttery poppy seed sauce. These are great for potlucks and quick and easy to prepare.","Step1: Preheat the oven to 350 degrees F (175 degrees C). Spray a 9x13-inch baking dish with cooking spray. Step2: Melt butter in a saucepan over medium-low heat; cook and stir onion in the melted butter until softened, 5 to 10 minutes. Add mustard, poppy seeds, and Worcestershire sauce; cook and stir for 5 minutes. Step3: Arrange the roll bottoms in the prepared baking dish. Spoon 2/3 of the onion mixture over top. Add ham and cheese to each roll. Place the roll tops over the cheese layer, then brush the remaining onion mixture over top. Cover the dish with aluminum foil. Step4: Bake in the preheated oven for 15 minutes. Remove aluminum foil and bake until the roll tops are lightly browned, 5 to 10 minutes.",22.jpg,"cooking spray (such as Crisco®), 0.5 cup butter, 1 onion, minced, 3 tablespoons Dijon mustard, 1 tablespoon poppy seeds, 2 teaspoons Worcestershire sauce, or more to taste, 1 (12 count) package Hawaiian sweet rolls, split, or more as needed, 1 pound sliced deli ham, or more as needed, 8 slices Swiss cheese, or more as needed",lunch,15,12,50
Best Ramen Noodle Salad,"This ramen noodle salad with cabbage, almonds, and sunflower seeds is light and crunchy. A simple vinaigrette ties all the flavors together!","Step1: Preheat the oven to 350 degrees F (175 degrees C). Step2: Spread ramen noodles, sunflower seeds, and almonds onto a baking sheet. Step3: Bake noodle mixture in the preheated oven until fragrant and toasted, 10 to 15 minutes. Set aside to cool to room temperature. Step4: Combine coleslaw mix and green onions in a large bowl; sprinkle cooled noodle mixture over the top. Step5: Make dressing: Whisk olive oil, reserved ramen seasoning packets, vinegar, sugar, and black pepper together in a bowl until smooth. Step6: Pour dressing over noodle mixture and toss to coat.",23.jpg,"2 (3 ounce) packages chicken-flavored ramen noodles, broken into pieces, seasoning packets reserved, 0.5 cup raw sunflower seeds, 0.5 cup slivered almonds, 1 (16 ounce) package coleslaw mix, 3 green onions, chopped, 0.5 cup olive oil, 3 tablespoons white vinegar, 1 tablespoon white sugar, 0.5 teaspoon ground black pepper",lunch,15,6,55
Oxtails with Gravy,"This oxtail recipe is so flavorful from beef oxtail simmered slowly in a savory broth, then cooked in a delicious gravy until fall-of-the-bone tender.","Step1: Place oxtails, onion, garlic, Greek seasoning, 1 tablespoon salt, 1 teaspoon pepper, and seasoning salt in a large stockpot. Fill with enough water to cover oxtails and place over high heat. Bring to a boil. Cover and reduce heat to medium. Cook oxtails until tender, 2 1/2 to 3 hours. Remove from heat and reserve 2 cups broth. Step2: Warm bacon drippings or shortening in a skillet over medium heat. Add flour; cook and stir for 3 minutes. Step3: Stir in 2 cups reserved broth and browning sauce. Season with salt, pepper, and garlic powder. Cook, stirring constantly, until gravy thickens. Step4: Place oxtails in the skillet; stir to coat with gravy. Cook, stirring occasionally, over medium-low heat until warmed through, about 5 minutes.",24.jpg,"2 pounds beef oxtail, 1 onion, chopped, 1 clove garlic, minced, 1 tablespoon Greek seasoning, 1 tablespoon salt, or more to taste, 1 teaspoon ground black pepper, or more to taste, 1 teaspoon seasoning salt, 4 cups water, or as needed, 2 tablespoons bacon drippings or shortening, 2 tablespoons all-purpose flour, 2 dashes browning sauce, 1 pinch garlic powder, or to taste",dinner,10,6,175
Bacon Wrapped Turkey,"Turkey wrapped in bacon is a twist on the traditional main course of Thanksgiving dinner and only requires 4 ingredients for a tasty, flavorful bird.","Step1: Preheat the oven to 350 degrees F (175 degrees C). Place a roasting rack in a large baking dish. Step2: Sprinkle sage and garlic powder over entire turkey. Wrap turkey completely with bacon. Place turkey on the rack in the prepared baking dish. Pour water into the dish. Step3: Bake turkey in the preheated oven, basting every 45 minutes with juices in the baking dish, until no longer pink at the bone and the juices run clear, 3 1/2 to 4 hours. An instant-read thermometer inserted into the thickest part of the thigh should read at least 165 degrees F (74 degrees C).",25.jpg,"0.25 cup dried sage, 2 tablespoons garlic powder, 1 (16 pound) whole turkey, neck and giblets removed, 2 (12 ounce) packages bacon, 2 cups water",dinner,30,32,240
Almost White Castle Hamburgers,A copycat White Castle sliders recipe. These little hamburger sliders are easy to make using 7 simple ingredients and are perfect for a large crowd.,"Step1: Preheat the oven to 400 degrees F (200 degrees C). Step2: Combine ground chuck, bread crumbs, egg, onion soup mix, water, and black pepper in a bowl; press into a 10x15-inch jelly roll pan. Prick holes through the chuck mixture for ventilation while cooking. Step3: Bake in the preheated oven until browned and cooked through, about 10 minutes. An instant-read thermometer inserted into the center should read at least 160 degrees F (70 degrees C). Drain excess grease. Step4: Cut chuck mixture into squares the size of the rolls. Place 1 chuck patty in each roll.",26.jpg,"1.5 pounds ground chuck, 0.33333334326744 cup plain bread crumbs, 1 large egg, 1 (1 ounce) package dry onion soup mix, 2 tablespoons water, 0.5 teaspoon ground black pepper, 24 small square dinner rolls",dinner,15,24,25
Braised Beef Shank with Wine and Tarragon,"This beef shank recipe uses a flavorful braising liquid of Marsala wine, beef broth, and tarragon for fall-off-the-bone beef for an easy, hearty meal.","Step1: Gather all ingredients. Step2: Preheat the oven to 300 degrees F (150 degrees C). Step3: Heat olive oil in an oven-proof deep skillet with a lid over medium-high heat. Season beef shank with salt and pepper. Step4: Cook beef shank in hot oil until browned on all sides, 5 to 10 minutes. Transfer beef shank to a plate. Step5: Sauté onion and celery in the same skillet until onion turns translucent, 5 to 10 minutes. Step6: Pour in wine and bring to a boil while scraping the browned bits of food off of the bottom of the pan with a wooden spoon. Step7: Place beef shank into onion-wine mixture; add beef broth and pour in enough water to cover 1/2 to 3/4 of the beef shank. Sprinkle tarragon over shank; cover the skillet with a lid. Step8: Bake in the preheated oven until meat falls off the bone, about 5 hours. Season with salt and pepper before serving.",27.jpg,"2 tablespoons olive oil, 2 pounds beef shank, salt and ground black pepper to taste, 1 onion, cut into 1/2-inch cubes, 2 stalks celery, cut into 1/2-inch cubes, 1 cup Marsala wine, 1 (14 ounce) can beef broth, 1 cup water, or as needed, 2 tablespoons dried tarragon",dinner,15,4,325
Easy Rib Eye Roast,"Rib-eye roast on the bone is always a crowd-pleaser. This easy five-ingredient recipe is a snap to prepare and carves up tender, juicy, and delicious.","Step1: Preheat the oven to 500 degrees F (260 degrees C). Step2: Beat butter and garlic together in a bowl. Step3: Poke several holes in rib eye with a sharp knife. Rub butter mixture all over meat and season with salt and pepper. Place rib eye fat-side up in a roasting pan. Step4: Roast in the preheated oven for 20 minutes. Step5: Reduce heat to 325 degrees F (165 degrees C) and continue cooking until rib eye is reddish-pink and juicy in the center, 1 1/2 to 2 hours. An instant-read thermometer inserted into the center will read 145 degrees F (63 degrees C) for medium.",28.jpg,"1 cup softened butter, 6 cloves garlic, minced, 1 (4 pound) bone-in rib-eye roast, sea salt and cracked black pepper to taste",dinner,10,8,100
Lasagna Flatbread,"Give lasagna a quick and easy pizza makeover by baking sausage, ricotta, marinara sauce, and mozzarella on flatbreads.","Step1: Preheat oven to 375 degrees F (190 degrees C). Step2: Combine ricotta cheese, 1/2 of the mozzarella cheese, Parmesan cheese, egg, and Italian seasoning in a bowl. Step3: Cook sausage in a skillet over medium heat until no longer pink, 5 to 10 minutes; drain. Stir in marinara sauce. Step4: Spread 1/6 of the cheese mixture evenly on each flatbread; cover with sausage mixture. Top with remaining mozzarella cheese. Step5: Bake in the preheated oven until cheese is melted and bubbly, 10 to 15 minutes.",29.jpg,"1 (15 ounce) container ricotta cheese, 1 (8 ounce) package shredded mozzarella cheese, divided, 1 (3 ounce) package Parmesan cheese, 1 egg, 2 teaspoons Italian seasoning, 1 pound sausage, 0.5 (26 ounce) jar marinara sauce, 6 flatbreads",dinner,25,6,40
Prosciutto-Wrapped Pork Tenderloin with Crispy Sage,Prosciutto-wrapped pork tenderloin with crispy sage is a quick and easy meal made with only 5 ingredients for a fancy dinner any night of the week.,"Step1: Preheat oven to 350 degrees F (175 degrees C). Step2: Lightly season pork with salt and black pepper. Arrange about 6 sage leaves over tenderloin. Wrap prosciutto around tenderloin and sage, overlapping prosciutto slightly; wrap in plastic wrap and refrigerate to allow prosciutto to set on pork tenderloin, 5 to 10 minutes. Remove plastic wrap. Step3: Heat olive oil in a skillet over medium heat. Fry wrapped tenderloin in the hot oil until prosciutto is crispy and lightly browned on all sides, 8 to 10 minutes. Transfer wrapped tenderloin to a baking dish, reserving oil in the skillet. Step4: Bake tenderloin in the preheated oven until pork is cooked through, about 20 minutes. An instant-read thermometer inserted into the center should read at least 145 degrees F (63 degrees C). Step5: Heat reserved oil in the skillet over medium heat; fry remaining sage leaves until crispy, adding more oil as needed, about 5 minutes. Step6: Slice tenderloin and serve with crispy sage leaves.",30.jpg,"1 pound pork tenderloin, salt and ground black pepper to taste, 1 bunch fresh sage, leaves removed and stems discarded, divided, 6 ounces prosciutto, 1 tablespoon olive oil, or more as needed",dinner,10,4,50
Air Fryer Shrimp Fried Rice,"This shrimp fried rice is so deliciously savory, nobody will believe you made it with an air fryer","Step1: Remove the basket insert from air fryer. Preheat the air fryer to 400 degrees F (200 degrees C) for 5 minutes. Step2: Add oil to the basket holder to coat; add onion, carrot, and 1/2 teaspoon of the salt, and stir to combine. Cook for 5 minutes. Add eggs; cook until partially set, about 3 minutes. Step3: Add shrimp, rice, peas, soy sauce, vinegar, pepper, and remaining salt to egg mixture; stir to combine. Cook for 10 minutes. Stir mixture, sprinkle with sesame seeds, if desired, and cook until heated throughout and crisp, 10 to 15 minutes more. Drizzle with Sriracha mayonnaise, and sprinkle with scallions.",31.jpg,"1 tablespoon canola oil, ⅓ cup chopped onion, ⅓ cup chopped carrot, 1 teaspoon kosher salt, divided, 2 large eggs, scrambled, 1 pound large peeled, deveined raw shrimp, 2 (8-oz.) pkg. pre-cooked microwavable brown rice, ¾ cup frozen green peas, 1 tablespoon soy sauce, 1 teaspoon rice vinegar, ¼ teaspoon black pepper, Toasted sesame seeds, optional, Sriracha mayonnaise and sliced scallions, for serving",dinner,15,4,45
Baileys Cheesecake,"This decadent Baileys cheesecake with a mocha crust, and rich Irish cream filling, is topped with a Baileys chocolate ganache for a scrumptious dessert.","Step1: Preheat the oven to 350 degrees F (175 degrees C) with rack in lower third position. Lightly grease an 8-inch springform pan with cooking spray and line with parchment on the bottom. Step2: Process cookies in a food processor until ground into small crumbs, 2 to 3 minutes. Pour in melted butter and process for another 30 seconds. Step3: Press evenly into bottom and about 1 inch up sides of prepared pan. Step4: Bake in the preheated oven until firm and fragrant, 10 to 12 minutes. Let cool slightly while making the filling, about 10 minutes. Step5: Reduce oven temperature to 300 degrees F (150 degrees C). Step6: Once crust is cooled, wrap bottom of pan with 2 layers of heavy-duty aluminum foil to prevent water from seeping into pan. Step7: To make the cheesecake filling: Add cream cheese to the bowl of a stand mixer fitted with the paddle attachment and beat on medium-low speed until creamy, about 2 minutes. Add sour cream, and beat on medium-low speed until fully combined, scraping down sides of bowl halfway through, about 2 minutes. Step8: Beat in sugar, espresso powder, vanilla, and salt, until combined, scraping down the sides of the bowl halfway through, about 1 minute. Add eggs, 1 at a time, beating on low speed just until combined after each addition and scraping down sides of bowl with a rubber spatula, 1 to 2 minutes. Step9: Add Baileys and beat on low speed until just combined, about 45 seconds. Step10: Pour filling onto cooled crust. Place springform pan into a larger roasting pan and place in preheated oven. Pour 1 1/2 cups of water in roasting pan and bake until the cheesecake is almost set (the center 2 inches should jiggle slightly) and edges have pulled away slightly from pan, 50 to 60 minutes. Step11: Turn off oven and leave door cracked open about 7 to 8 inches; let cheesecake stand in oven 30 minutes. Remove from oven and carefully lift cheesecake from water bath. Cover and chill at least 3 hours or overnight. Step12: To make the ganache: Heat cream and Baileys in a small saucepan over medium heat until warm to the touch, 3 to 4 minutes. Stir in espresso powder until fully combined. Add chocolate chips and let stand 1 minute; stir until smooth. Step13: Remove cheesecake from pan and place on a cake plate. Pour ganache evenly over chilled cheesecake, spreading slightly over edges with an offset spatula. Refrigerate until ganache is firm, about 30 minutes.",32.jpg,"Cookie Crust, cooking spray, 20 java chip-flavored creme-filled chocolatesandwich cookies (such as Oreo), 2 tablespoons butter, melted,  , Cheesecake Filling, 3 (8-oz.) pkg. cream cheese, at roomtemperature, 3/4 cup sour cream, at room temperature, 3/4 cup granulated sugar, 1 tablespoon instant espresso powder, 1 teaspoon vanilla extract, ¼ teaspoon table salt, 3 large eggs, at room temperature, 1/2 cup Baileys Irish Cream,  , Baileys Ganache, ¼ cup heavy cream, ¼ cup Baileys Irish Cream, 1 teaspoon instant espresso powder1cup milk chocolate chips, Sweetened whipped cream",dessert,45,10,360
Mocha Cookie Bars,"Like a cross between a cookie and a brownie, these mocha cinnamon bars are reminiscent of Mexican hot chocolate.","Step1: Preheat the oven to 350 degrees F (175 degrees C). Line an 8x8-inch square pan with enough parchment paper to have overhang on all sides. Step2: Stir espresso powder and coffee together in a small bowl until espresso powder is completely dissolved. Step3: Whisk flour, cocoa, cream of tartar, baking soda, salt, and 1/4 teaspoon cinnamon together in a bowl; set aside. Step4: Beat butter, 1/2 cup white sugar, and brown sugar with an electric mixer together until light and fluffy in a bowl. Beat in espresso mixture, egg, and vanilla until well combined. Stir in flour mixture; mix until a dough just begins to form. Press dough firmly and evenly into the prepared pan using lightly floured hands. Step5: Whisk 1 tablespoon white sugar and remaining 1/2 teaspoon cinnamon together in a small bowl; sprinkle sugar mixture evenly over the dough. Step6: Bake in the preheated oven just until the dough in the center of the pan feels barely set, 20 to 23 minutes. Step7: Allow cookies to cool in the pan for 10 minutes. Use the overhanging parchment to lift cookies out to a wire rack; cool completely before cutting into bars.",33.jpg,"1 tablespoon instant espresso powder, 1 tablespoon strong brewed coffee, 1 cup all-purpose flour, 0.25 cup unsweetened cocoa powder, 0.5 teaspoon cream of tartar, 0.5 teaspoon baking soda, 0.5 teaspoon salt, 0.25 teaspoon ground cinnamon, 0.5 cup unsalted butter, softened, 0.5 cup white sugar, 0.25 cup firmly packed brown sugar, 1 large egg, at room temperature, 2 teaspoons vanilla extract, 1 tablespoon white sugar, 0.5 teaspoon ground cinnamon",dessert,15,16,45
Puff Pastry Cherry Crostata,"This puff pastry cherry crostata is free-form and rustic like a galette, but with a flaky, buttery, puff pastry crust.","Step1: Preheat the oven to 400 degrees F (200 degrees C). Line a baking sheet with parchment paper. Step2: On a lightly floured surface, roll a well-chilled puff pastry sheet into an approximate 11 to 12-inch round. Trim edges into a circle shape, and transfer to the lined baking sheet. Step3: Stir cherries, brown sugar, cornstarch, cinnamon, almond extract, and salt together in a bowl until cherries are well coated. Spoon cherry mixture into the center of the pastry, leaving a 2-inch border. Lift up edges of the crust, and fold around, overlapping the cherry mixture. Step4: Whisk egg and water into an egg wash, brush edges of the pastry, and sprinkle with turbinado. Step5: Bake in the preheated oven until cherries are tender and crust is golden brown, 23 to 30 minutes. Warm marmalade in the microwave until melted, 15 to 20 seconds, and drizzle over the cherries to glaze. Step6: Allow to cool for about 15 minutes before cutting into wedges to serve.",34.jpg,"1/2 (17.3 ounce) package frozen Puff Pastry Sheets, thawed, 1 pound sweet cherries, pitted and halved, 2 tablespoons brown sugar, 1 tablespoon cornstarch, 1/2 teaspoon cinnamon, 1/2 teaspoon almond extract, 1/4 teaspoon salt, 1 egg, beaten, 1 tablespoon water, 1 tablespoon turbinado sugar, or to taste, 1 tablespoon orange marmalade (optional)",dessert,20,6,45
Mini Pancake Parfait,"Teeny pancakes get the parfait treatment when they’re layered with yogurt, mixed fruit, and pancakes’ bestie: maple syrup.","Step1: For each parfait, layer 1/3 cup vanilla yogurt, 1 tablespoon jam or fruit preserves, 3 mini pancakes, and 1/2 cup mixed berries in a wide-mouthed glass or jar. Repeat yogurt and berry layers. Add 2 additional pancakes and drizzle with maple syrup.",35.jpg,"2/3 cup vanilla yogurt, 1 tablespoon jam or fruit preserves, 5 (Mini) Good Old-Fashioned Pancakes (seearmagazine.com/good-old-fashioned-pancakes), 1 cup mixed berries",dessert,5,1,20
Air Fryer Turtle Cheesecake,"Did you know that you can use your air fryer to make turtle cheesecake? The flavors of chocolate, caramel, toasted pecans, and creamy cheesecake are a perfect match.","Step1: Line the bottom of a 7- to 7 1/2-inch springform pan or cake pan with parchment paper. Stir together graham crackers and 1 tablespoon sugar in a bowl. Stir in melted butter. Press crumb mixture into the bottom and 1 inch up the sides of the prepared pan. Step2: For the filling, combine cream cheese, sour cream, 1/3 cup sugar, lemon juice, vanilla, and salt in a bowl. Beat with an electric mixer at medium-high speed until smooth. Add eggs, 1 at a time, beating at low speed just until combined. Pour filling over the crust. Arrange pan in the air fryer basket. Step3: Set air fryer to 300 degrees F (150 degrees C). Step4: Cook for 15 minutes. Reduce temperature to 240 degrees F (115 degrees C) and cook 20 minutes more. The center of the cheesecake will appear wet and may jiggle slightly. Transfer cheesecake to a wire rack. Let stand about 15 minutes. Using a small sharp knife or thin spatula, loosen cheesecake from sides of pan; let stand until completely cooled, about 30 minutes more. Remove cheesecake from pan. Chill, covered, at least 4 hours or up to overnight. Step5: To serve, drizzle with chocolate and caramel ice cream toppings and sprinkle with pecans.",36.jpg,"1 cup graham cracker crumbs, 1/3 cup plus 1 tablespoon sugar, 6 tablespoon butter, melted, 12 ounces cream cheese, softened, 1/3 cup sour cream, 1 teaspoon lemon juice, 1 teaspoon vanilla extract, 1 pinch salt, 2 eggs, chocolate ice cream topping, caramel ice cream topping, chopped toasted pecans",dessert,20,8,340
Rough Puff,"This easy, rough puff pastry dough can be used for savory or sweet recipes, like tarts, hand pies, or palmiers.","Step1: Place flour and salt in the bowl of a stand mixer fitted with a paddle attachment. Add butter and toss with your fingertips until evenly coated with flour. Step2: Add water to bowl. Mix on low speed until the dough forms a shaggy mass, about 45 seconds. Step3: Cover bowl with plastic wrap and refrigerate until butter is firm but not brittle, about 20 minutes. Step4: Transfer dough to a floured work surface and roll into a 1/2-inch-thick rectangle that is about 10 1/2 x 6 inches. Step5: Fold one third of the longer side of the dough over the center third of dough. Fold the final third over the center (like you would fold a letter). Tightly wrap folded dough in plastic wrap and refrigerate until chilled, about 30 minutes. Repeat this process of rolling, folding and refrigerating 4 more times, turning the dough 90 degrees each time before rolling. Step6: After completing the final fold, wrap the dough tightly in plastic wrap and refrigerate until firm, at least 1 hour or up to 2 days.",37.jpg,"2 cups all-purpose flour, plus more for dusting, 0.5 teaspoon kosher salt, 1 cup cold unsalted butter, cubed, 0.5 cup cold water",dessert,30,8,210
Creme Patissiere,"Creme patissiere is a rich vanilla custard that’s thickened with cornstarch to make a silky, sturdy pastry cream that’s perfect for filling French pastries.","Step1: Whisk 1/3 of the cold milk and cornstarch together in a medium bowl until smooth. Step2: Pour remaining milk and sugar into a small saucepan. Heat over medium heat, stirring occasionally, until milk begins to simmer; remove from heat and set aside. Step3: Stir egg and egg yolks into cornstarch mixture; gradually whisk in hot milk. Pour mixture back into the small saucepan; cook over medium-low heat, whisking constantly, until thickened and mixture coats the back of a spoon, about 3 to 5 minutes. Step4: Remove custard from heat; whisk in butter and vanilla until smooth. Step5: Transfer into a bowl and cover directly with plastic wrap to prevent a skin forming; allow to cool before using.",38.jpg,"2 cups milk, divided, 2 tablespoons cornstarch, 1/3 cup white sugar, 1 large egg, 2 large egg yolks, 1/4 cup butter, 1 teaspoon vanilla extract",dessert,5,4,15
Oreo Cheesecake Bars,These oreo cheesecake bars are simply irresistible for everyone loving cookies and cream. They are surprisingly easy to make and will feed a crowd.,"Step1: Gather all ingredients. Preheat the oven to 325 degrees F (165 degrees C). Step2: Line a 13x9x2-inch baking pan with heavy-duty foil, allowing 2 inches of overhang on two opposite sides of the pan. Coat foil lightly with nonstick cooking spray; set aside. Step3: Place 30 cookies in a food processor. Cover and pulse until finely ground. Step4: Add melted butter and pulse just until combined. Step5: Transfer mixture to the prepared pan. Press crumbs evenly into the bottom of the pan. Step6: Bake in the preheated oven until set, about 10 minutes. Step7: Meanwhile, combine cream cheese and sugar in a large bowl and beat with an electric mixer on high until light and fluffy, about 3 minutes. Step8: Add sour cream, eggs, vanilla, and salt. Beat until just combined. Step9: Coarsely crush the remaining oreos by placing them in a resealable bag and hitting it with a rolling pin. Step10: Reserve 1/2 cup of the cookie crumbs. Fold the remaining crumbs into the batter. Step11: Pour batter evenly over prebaked crust, smoothing the top as necessary. Step12: Sprinkle with reserved cookie crumbs. Step13: Bake in the preheated oven until the center appears set, with a slight jiggle, 35 to 40 minutes. Step14: Cool in a pan on a wire rack for 2 hours, or until completely cool. Cover and chill for at least 1 hour. Step15: Remove uncut bars from the pan by lifting foil. Step16: Cut into 2x2-inch bars to serve.",39.jpg,"nonstick cooking spray, 1 (19.1-ounce) package chocolate sandwich cookies with white filling (such as Oreos ®), 1/4 cup salted butter, 3 (8-ounce) packages cream cheese, softened, 1 cup sugar, 3/4 cup sour cream, 3 eggs, 1 teaspoon vanilla, 1/4 teaspoon salt",dessert,25,48,245
Samoa Cookie Bars,Classic Girl Scout Samoa cookies (Caramel-deLites) in bar shape but with all the flavor of the original.,"Step1: Preheat the oven to 350 degrees F (175 degrees C). Line a 9x13-inch baking pan with foil, extending foil over edges. Coat foil with cooking spray. Step2: For crust, stir together flour, cornstarch, baking powder, and salt in a small bowl. Step3: Beat butter in a large bowl with an electric mixer at medium speed for 30 seconds. Add both sugars and beat until light and fluffy at medium-high speed. Beat in egg yolk and vanilla extract. Beat in flour mixture (mixture will be crumbly). Press dough onto the bottom of the prepared pan. Step4: Bake crust in the preheated oven until edges are light brown, 10 to 12 minutes. Step5: Meanwhile, combine dulce de leche and milk in a medium bowl. Stir in flaked coconut. Step6: Sprinkle 1 1/2 cups chocolate chips over the hot crust; let stand for 5 minutes until chocolate has melted. Spread melted chocolate over crust in an even layer. Carefully spread coconut mixture over chocolate layer. Return to the oven and bake 10 minutes more. Cool in the pan on a wire rack. Step7: Microwave remaining chocolate chips in a small bowl, stirring once halfway through, until melted and smooth, 30 to 45 seconds. Drizzle melted chocolate over coconut mixture. Chill, covered, until set, about 1 hour. Using foil, lift out uncut cookies. Cut into bars.",40.jpg,"cooking spray, 1.5 cups flour, 1 tablespoon cornstarch, 0.5 teaspoon baking powder, 0.5 teaspoon salt, 0.5 cup butter, softened, 0.25 cup white sugar, 0.25 cup packed brown sugar, 1 large egg yolk, 1 teaspoon vanilla extract, 1 (13.4 ounce) can dulce de leche, 3 tablespoons milk, 1 (14 ounce) package sweetened flaked coconut, 1 (12 ounce) bag semisweet chocolate chips, divided",dessert,30,24,110